"Country Name";"Country Code";"1960";"1961";"1962";"1963";"1964";"1965";"1966";"1967";"1968";"1969";"1970";"1971";"1972";"1973";"1974";"1975";"1976";"1977";"1978";"1979";"1980";"1981";"1982";"1983";"1984";"1985";"1986";"1987";"1988";"1989";"1990";"1991";"1992";"1993";"1994";"1995";"1996";"1997";"1998";"1999";"2000";"2001";"2002";"2003";"2004";"2005";"2006";"2007";"2008";"2009";"2010";"2011";"2012";"2013";"2014";"2015";"2016"
"Aruba";"ABW";;;;;;;;;;;;;;;;;;;;;;;;;;;;;;;"81.13573";;;;;;;;;;"85.4112";;;;;;;;;;"87.87328";;"90.87544";;;;
"Andorra";"AND";;;;;;;;;;;;;;;;;;;;;;;;;;;;;;;"100";;;;;;;;;;"100";;;;;;;;;;"100";;"100";;;;
"Afghanistan";"AFG";;;;;;;;;;;;;;;;;;;;;;;;;;;;;;;"34.61567";;;;;;;;;;"37.45584";;;;;;;;;;"41";;"43";;;;
"Angola";"AGO";;;;;;;;;;;;;;;;;;;;;;;;;;;;;;;"28.21566";;;;;;;;;;"31.05585";;;;;;;;;;"34.6";;"37";;;;
"Albania";"ALB";;;;;;;;;;;;;;;;;;;;;;;;;;;;;;;"100";;;;;;;;;;"100";;;;;;;;;;"100";;"100";;;;
"Arab World";"ARB";;;;;;;;;;;;;;;;;;;;;;;;;;;;;;;"75.4639584773251";;;;;;;;;;"79.5348552320816";;;;;;;;;;"84.3623484509827";;"86.2803509434337";;;;
"United Arab Emirates";"ARE";;;;;;;;;;;;;;;;;;;;;;;;;;;;;;;"87.22775";;;;;;;;;;"90.89918";;;;;;;;;;"94.1";;"97.69783";;;;
"Argentina";"ARG";;;;;;;;;;;;;;;;;;;;;;;;;;;;;;;"88.20815";;;;;;;;;;"92.34713";;;;;;;;;;"94";;"99.8";;;;
"Armenia";"ARM";;;;;;;;;;;;;;;;;;;;;;;;;;;;;;;"94.28774";;;;;;;;;;"98";;;;;;;;;;"99.8";;"100";;;;
"American Samoa";"ASM";;;;;;;;;;;;;;;;;;;;;;;;;;;;;;;"48.85883";;;;;;;;;;"52.53027";;;;;;;;;;"55.8";;"59.32891";;;;
"Antigua and Barbuda";"ATG";;;;;;;;;;;;;;;;;;;;;;;;;;;;;;;"81.13573";;;;;;;;;;"85.4112";;;;;;;;;;"87.87328";;"90.87544";;;;
"Australia";"AUS";;;;;;;;;;;;;;;;;;;;;;;;;;;;;;;"100";;;;;;;;;;"100";;;;;;;;;;"100";;"100";;;;
"Austria";"AUT";;;;;;;;;;;;;;;;;;;;;;;;;;;;;;;"100";;;;;;;;;;"100";;;;;;;;;;"100";;"100";;;;
"Azerbaijan";"AZE";;;;;;;;;;;;;;;;;;;;;;;;;;;;;;;"93.11566";;;;;;;;;;"95.95585";;;;;;;;;;"99.5";;"100";;;;
"Burundi";"BDI";;;;;;;;;;;;;;;;;;;;;;;;;;;;;;;"0.1";;;;;;;;;;"3.9";;;;;;;;;;"5.3";;"6.5";;;;
"Belgium";"BEL";;;;;;;;;;;;;;;;;;;;;;;;;;;;;;;"100";;;;;;;;;;"100";;;;;;;;;;"100";;"100";;;;
"Benin";"BEN";;;;;;;;;;;;;;;;;;;;;;;;;;;;;;;"22.03774";;;;;;;;;;"25.4";;;;;;;;;;"27.9";;"38.4";;;;
"Burkina Faso";"BFA";;;;;;;;;;;;;;;;;;;;;;;;;;;;;;;"6.1";;;;;;;;;;"6.9";;;;;;;;;;"13.1";;"13.1";;;;
"Bangladesh";"BGD";;;;;;;;;;;;;;;;;;;;;;;;;;;;;;;"21.62";;;;;;;;;;"32";;;;;;;;;;"55.2";;"59.6";;;;
"Bulgaria";"BGR";;;;;;;;;;;;;;;;;;;;;;;;;;;;;;;"100";;;;;;;;;;"100";;;;;;;;;;"100";;"100";;;;
"Bahrain";"BHR";;;;;;;;;;;;;;;;;;;;;;;;;;;;;;;"87.22775";;;;;;;;;;"90.89918";;;;;;;;;;"94.1";;"97.69783";;;;
"Bahamas, The";"BHS";;;;;;;;;;;;;;;;;;;;;;;;;;;;;;;"91.96102";;;;;;;;;;"96.1";;;;;;;;;;"100";;"100";;;;
"Bosnia and Herzegovina";"BIH";;;;;;;;;;;;;;;;;;;;;;;;;;;;;;;"94.48774";;;;;;;;;;"98.5";;;;;;;;;;"99.7";;"100";;;;
"Belarus";"BLR";;;;;;;;;;;;;;;;;;;;;;;;;;;;;;;"100";;;;;;;;;;"100";;;;;;;;;;"100";;"100";;;;
"Belize";"BLZ";;;;;;;;;;;;;;;;;;;;;;;;;;;;;;;"91.02206";;;;;;;;;;"95.16103";;;;;;;;;;"99.3";;"100";;;;
"Bermuda";"BMU";;;;;;;;;;;;;;;;;;;;;;;;;;;;;;;"100";;;;;;;;;;"100";;;;;;;;;;"100";;"100";;;;
"Bolivia";"BOL";;;;;;;;;;;;;;;;;;;;;;;;;;;;;;;"67";;;;;;;;;;"66";;;;;;;;;;"80.2";;"90.5";;;;
"Brazil";"BRA";;;;;;;;;;;;;;;;;;;;;;;;;;;;;;;"93";;;;;;;;;;"97.4";;;;;;;;;;"98";;"99.5";;;;
"Barbados";"BRB";;;;;;;;;;;;;;;;;;;;;;;;;;;;;;;"81.13573";;;;;;;;;;"85.4112";;;;;;;;;;"87.87328";;"90.87544";;;;
"Brunei Darussalam";"BRN";;;;;;;;;;;;;;;;;;;;;;;;;;;;;;;"65.6913";;;;;;;;;;"69.36274";;;;;;;;;;"72.6";;"76.16138";;;;
"Bhutan";"BTN";;;;;;;;;;;;;;;;;;;;;;;;;;;;;;;"65.61566";;;;;;;;;;"68.45585";;;;;;;;;;"72";;"75.56256";;;;
"Botswana";"BWA";;;;;;;;;;;;;;;;;;;;;;;;;;;;;;;"36.71566";;;;;;;;;;"39.55584";;;;;;;;;;"43.1";;"53.24";;;;
"Central African Republic";"CAF";;;;;;;;;;;;;;;;;;;;;;;;;;;;;;;"3";;;;;;;;;;"6";;;;;;;;;;"9.5";;"10.8";;;;
"Canada";"CAN";;;;;;;;;;;;;;;;;;;;;;;;;;;;;;;"100";;;;;;;;;;"100";;;;;;;;;;"100";;"100";;;;
"Central Europe and the Baltics";"CEB";;;;;;;;;;;;;;;;;;;;;;;;;;;;;;;"100";;;;;;;;;;"100";;;;;;;;;;"100";;"100";;;;
"Switzerland";"CHE";;;;;;;;;;;;;;;;;;;;;;;;;;;;;;;"100";;;;;;;;;;"100";;;;;;;;;;"100";;"100";;;;
"Channel Islands";"CHI";;;;;;;;;;;;;;;;;;;;;;;;;;;;;;;"100";;;;;;;;;;"100";;;;;;;;;;"100";;"100";;;;
"Chile";"CHL";;;;;;;;;;;;;;;;;;;;;;;;;;;;;;;"95";;;;;;;;;;"98.8";;;;;;;;;;"99";;"99.6";;;;
"China";"CHN";;;;;;;;;;;;;;;;;;;;;;;;;;;;;;;"94.23774";;;;;;;;;;"98";;;;;;;;;;"99.7";;"100";;;;
"Cote d'Ivoire";"CIV";;;;;;;;;;;;;;;;;;;;;;;;;;;;;;;"36.5";;;;;;;;;;"51.4";;;;;;;;;;"58.9";;"55.8";;;;
"Cameroon";"CMR";;;;;;;;;;;;;;;;;;;;;;;;;;;;;;;"29";;;;;;;;;;"46.2";;;;;;;;;;"49";;"53.7";;;;
"Congo, Rep.";"COG";;;;;;;;;;;;;;;;;;;;;;;;;;;;;;;"24.38774";;;;;;;;;;"20.9";;;;;;;;;;"37.1";;"41.6";;;;
"Colombia";"COL";;;;;;;;;;;;;;;;;;;;;;;;;;;;;;;"92";;;;;;;;;;"97";;;;;;;;;;"96.7";;"97";;;;
"Comoros";"COM";;;;;;;;;;;;;;;;;;;;;;;;;;;;;;;"41.95982";;;;;;;;;;"44.8";;;;;;;;;;"51.5";;"69.3";;;;
"Cabo Verde";"CPV";;;;;;;;;;;;;;;;;;;;;;;;;;;;;;;"58.18774";;;;;;;;;;"58.6";;;;;;;;;;"67";;"70.56256";;;;
"Costa Rica";"CRI";;;;;;;;;;;;;;;;;;;;;;;;;;;;;;;"91.32578";;;;;;;;;;"98";;;;;;;;;;"98";;"99.5";;;;
"Caribbean small states";"CSS";;;;;;;;;;;;;;;;;;;;;;;;;;;;;;;"85.0763082533478";;;;;;;;;;"87.9573246172132";;;;;;;;;;"92.3823258075292";;"93.4561571853573";;;;
"Cuba";"CUB";;;;;;;;;;;;;;;;;;;;;;;;;;;;;;;"92.86102";;;;;;;;;;"97";;;;;;;;;;"100";;"100";;;;
"Curacao";"CUW";;;;;;;;;;;;;;;;;;;;;;;;;;;;;;;"81.13573";;;;;;;;;;"85.4112";;;;;;;;;;"87.87328";;"90.87544";;;;
"Cayman Islands";"CYM";;;;;;;;;;;;;;;;;;;;;;;;;;;;;;;"81.13573";;;;;;;;;;"85.4112";;;;;;;;;;"87.87328";;"90.87544";;;;
"Cyprus";"CYP";;;;;;;;;;;;;;;;;;;;;;;;;;;;;;;"96.36144";;;;;;;;;;"100";;;;;;;;;;"100";;"100";;;;
"Czech Republic";"CZE";;;;;;;;;;;;;;;;;;;;;;;;;;;;;;;"100";;;;;;;;;;"100";;;;;;;;;;"100";;"100";;;;
"Germany";"DEU";;;;;;;;;;;;;;;;;;;;;;;;;;;;;;;"100";;;;;;;;;;"100";;;;;;;;;;"100";;"100";;;;
"Djibouti";"DJI";;;;;;;;;;;;;;;;;;;;;;;;;;;;;;;"43.31567";;;;;;;;;;"46.15585";;;;;;;;;;"49.7";;"53.26256";;;;
"Dominica";"DMA";;;;;;;;;;;;;;;;;;;;;;;;;;;;;;;"83.56102";;;;;;;;;;"87.7";;;;;;;;;;"91.83897";;"92.66676";;;;
"Denmark";"DNK";;;;;;;;;;;;;;;;;;;;;;;;;;;;;;;"100";;;;;;;;;;"100";;;;;;;;;;"100";;"100";;;;
"Dominican Republic";"DOM";;;;;;;;;;;;;;;;;;;;;;;;;;;;;;;"78.2";;;;;;;;;;"90";;;;;;;;;;"98";;"98";;;;
"Algeria";"DZA";;;;;;;;;;;;;;;;;;;;;;;;;;;;;;;"94.03774";;;;;;;;;;"98";;;;;;;;;;"99.3";;"100";;;;
"East Asia & Pacific (excluding high income)";"EAP";;;;;;;;;;;;;;;;;;;;;;;;;;;;;;;"86.1188025391055";;;;;;;;;;"91.3492293164762";;;;;;;;;;"94.7999973666419";;"95.7137845370688";;;;
"Early-demographic dividend";"EAR";;;;;;;;;;;;;;;;;;;;;;;;;;;;;;;"59.7501976291743";;;;;;;;;;"68.9799495868046";;;;;;;;;;"78.5167446717515";;"81.4148173288069";;;;
"East Asia & Pacific";"EAS";;;;;;;;;;;;;;;;;;;;;;;;;;;;;;;"87.4750608612025";;;;;;;;;;"92.1733262832102";;;;;;;;;;"95.290117557776";;"96.1185199973561";;;;
"Europe & Central Asia (excluding high income)";"ECA";;;;;;;;;;;;;;;;;;;;;;;;;;;;;;;"98.1562868732242";;;;;;;;;;"99.194889901546";;;;;;;;;;"99.9436415358836";;"100";;;;
"Europe & Central Asia";"ECS";;;;;;;;;;;;;;;;;;;;;;;;;;;;;;;"99.1533659460221";;;;;;;;;;"99.6332492737996";;;;;;;;;;"99.9746988698146";;"100";;;;
"Ecuador";"ECU";;;;;;;;;;;;;;;;;;;;;;;;;;;;;;;"89";;;;;;;;;;"94";;;;;;;;;;"97";;"97.2";;;;
"Egypt, Arab Rep.";"EGY";;;;;;;;;;;;;;;;;;;;;;;;;;;;;;;"95.5";;;;;;;;;;"97.7";;;;;;;;;;"99.6";;"100";;;;
"Euro area";"EMU";;;;;;;;;;;;;;;;;;;;;;;;;;;;;;;"99.9910460484802";;;;;;;;;;"100";;;;;;;;;;"100";;"100";;;;
"Eritrea";"ERI";;;;;;;;;;;;;;;;;;;;;;;;;;;;;;;"22.9";;;;;;;;;;"32.2";;;;;;;;;;"32.5";;"36.0768";;;;
"Spain";"ESP";;;;;;;;;;;;;;;;;;;;;;;;;;;;;;;"100";;;;;;;;;;"100";;;;;;;;;;"100";;"100";;;;
"Estonia";"EST";;;;;;;;;;;;;;;;;;;;;;;;;;;;;;;"100";;;;;;;;;;"100";;;;;;;;;;"100";;"100";;;;
"Ethiopia";"ETH";;;;;;;;;;;;;;;;;;;;;;;;;;;;;;;"10";;;;;;;;;;"12.7";;;;;;;;;;"23";;"26.56256";;;;
"European Union";"EUU";;;;;;;;;;;;;;;;;;;;;;;;;;;;;;;"99.994164377167";;;;;;;;;;"100";;;;;;;;;;"100";;"100";;;;
"Fragile and conflict affected situations";"FCS";;;;;;;;;;;;;;;;;;;;;;;;;;;;;;;"33.529694239432";;;;;;;;;;"36.5648462184016";;;;;;;;;;"39.5741679824507";;"41.8598783089609";;;;
"Finland";"FIN";;;;;;;;;;;;;;;;;;;;;;;;;;;;;;;"100";;;;;;;;;;"100";;;;;;;;;;"100";;"100";;;;
"Fiji";"FJI";;;;;;;;;;;;;;;;;;;;;;;;;;;;;;;"48.85883";;;;;;;;;;"52.53027";;;;;;;;;;"55.8";;"59.32891";;;;
"France";"FRA";;;;;;;;;;;;;;;;;;;;;;;;;;;;;;;"100";;;;;;;;;;"100";;;;;;;;;;"100";;"100";;;;
"Faroe Islands";"FRO";;;;;;;;;;;;;;;;;;;;;;;;;;;;;;;"100";;;;;;;;;;"100";;;;;;;;;;"100";;"100";;;;
"Micronesia, Fed. Sts.";"FSM";;;;;;;;;;;;;;;;;;;;;;;;;;;;;;;"48.85883";;;;;;;;;;"52.53027";;;;;;;;;;"55.8";;"59.32891";;;;
"Gabon";"GAB";;;;;;;;;;;;;;;;;;;;;;;;;;;;;;;"72.98774";;;;;;;;;;"73.6";;;;;;;;;;"81.6";;"89.3";;;;
"United Kingdom";"GBR";;;;;;;;;;;;;;;;;;;;;;;;;;;;;;;"100";;;;;;;;;;"100";;;;;;;;;;"100";;"100";;;;
"Georgia";"GEO";;;;;;;;;;;;;;;;;;;;;;;;;;;;;;;"97.05982";;;;;;;;;;"99.9";;;;;;;;;;"100";;"100";;;;
"Ghana";"GHA";;;;;;;;;;;;;;;;;;;;;;;;;;;;;;;"30.6";;;;;;;;;;"45";;;;;;;;;;"60.5";;"64.06256";;;;
"Gibraltar";"GIB";;;;;;;;;;;;;;;;;;;;;;;;;;;;;;;;;;;;;;;;;;;;;;;;;;;;;;;;;
"Guinea";"GIN";;;;;;;;;;;;;;;;;;;;;;;;;;;;;;;"13.68774";;;;;;;;;;"16.4";;;;;;;;;;"20.2";;"26.2";;;;
"Gambia, The";"GMB";;;;;;;;;;;;;;;;;;;;;;;;;;;;;;;"17.7";;;;;;;;;;"34.3";;;;;;;;;;"31";;"34.5268";;;;
"Guinea-Bissau";"GNB";;;;;;;;;;;;;;;;;;;;;;;;;;;;;;;"50.65982";;;;;;;;;;"53.5";;;;;;;;;;"57";;"60.60672";;;;
"Equatorial Guinea";"GNQ";;;;;;;;;;;;;;;;;;;;;;;;;;;;;;;"56.89426";;;;;;;;;;"61.03323";;;;;;;;;;"65.1722";;"66";;;;
"Greece";"GRC";;;;;;;;;;;;;;;;;;;;;;;;;;;;;;;"100";;;;;;;;;;"100";;;;;;;;;;"100";;"100";;;;
"Grenada";"GRD";;;;;;;;;;;;;;;;;;;;;;;;;;;;;;;"81.13573";;;;;;;;;;"85.4112";;;;;;;;;;"87.87328";;"90.87544";;;;
"Greenland";"GRL";;;;;;;;;;;;;;;;;;;;;;;;;;;;;;;"100";;;;;;;;;;"100";;;;;;;;;;"100";;"100";;;;
"Guatemala";"GTM";;;;;;;;;;;;;;;;;;;;;;;;;;;;;;;"71.99245";;;;;;;;;;"78";;;;;;;;;;"78.3";;"78.5";;;;
"Guam";"GUM";;;;;;;;;;;;;;;;;;;;;;;;;;;;;;;"48.85883";;;;;;;;;;"52.53027";;;;;;;;;;"55.8";;"59.32891";;;;
"Guyana";"GUY";;;;;;;;;;;;;;;;;;;;;;;;;;;;;;;"72";;;;;;;;;;"74.5";;;;;;;;;;"77";;"79.46677";;;;
"High income";"HIC";;;;;;;;;;;;;;;;;;;;;;;;;;;;;;;"99.2109965162876";;;;;;;;;;"99.5106587485975";;;;;;;;;;"99.6392866530407";;"99.8199746241775";;;;
"Hong Kong SAR, China";"HKG";;;;;;;;;;;;;;;;;;;;;;;;;;;;;;;"100";;;;;;;;;;"100";;;;;;;;;;"100";;"100";;;;
"Honduras";"HND";;;;;;;;;;;;;;;;;;;;;;;;;;;;;;;"64";;;;;;;;;;"67";;;;;;;;;;"80";;"82.2";;;;
"Heavily indebted poor countries (HIPC)";"HPC";;;;;;;;;;;;;;;;;;;;;;;;;;;;;;;"16.4801533627889";;;;;;;;;;"20.1840621522605";;;;;;;;;;"26.2211167625819";;"29.153873111397";;;;
"Croatia";"HRV";;;;;;;;;;;;;;;;;;;;;;;;;;;;;;;"100";;;;;;;;;;"100";;;;;;;;;;"100";;"100";;;;
"Haiti";"HTI";;;;;;;;;;;;;;;;;;;;;;;;;;;;;;;"31.3";;;;;;;;;;"31.4";;;;;;;;;;"33.9";;"37.9";;;;
"Hungary";"HUN";;;;;;;;;;;;;;;;;;;;;;;;;;;;;;;"100";;;;;;;;;;"100";;;;;;;;;;"100";;"100";;;;
"IBRD only";"IBD";;;;;;;;;;;;;;;;;;;;;;;;;;;;;;;"79.9713670629521";;;;;;;;;;"85.7205563785989";;;;;;;;;;"90.9302487443055";;"92.530247028001";;;;
"IDA & IBRD total";"IBT";;;;;;;;;;;;;;;;;;;;;;;;;;;;;;;"70.8175448064669";;;;;;;;;;"75.5768136386284";;;;;;;;;;"80.2308375888315";;"82.0132042949326";;;;
"IDA total";"IDA";;;;;;;;;;;;;;;;;;;;;;;;;;;;;;;"37.6787118363288";;;;;;;;;;"42.5819576792736";;;;;;;;;;"49.2728507496245";;"52.299521008696";;;;
"IDA blend";"IDB";;;;;;;;;;;;;;;;;;;;;;;;;;;;;;;"60.9135602933387";;;;;;;;;;"68.6340652550332";;;;;;;;;;"74.4674896690218";;"78.5029895489638";;;;
"Indonesia";"IDN";;;;;;;;;;;;;;;;;;;;;;;;;;;;;;;"66.86";;;;;;;;;;"87.6";;;;;;;;;;"94.2";;"96";;;;
"IDA only";"IDX";;;;;;;;;;;;;;;;;;;;;;;;;;;;;;;"23.7100977829919";;;;;;;;;;"27.5936364630742";;;;;;;;;;"35.3862904498353";;"37.9140887451121";;;;
"Isle of Man";"IMN";;;;;;;;;;;;;;;;;;;;;;;;;;;;;;;"100";;;;;;;;;;"100";;;;;;;;;;"100";;"100";;;;
"India";"IND";;;;;;;;;;;;;;;;;;;;;;;;;;;;;;;"50.9";;;;;;;;;;"62.3";;;;;;;;;;"75";;"78.7";;;;
"Not classified";"INX";;;;;;;;;;;;;;;;;;;;;;;;;;;;;;;;;;;;;;;;;;;;;;;;;;;;;;;;;
"Ireland";"IRL";;;;;;;;;;;;;;;;;;;;;;;;;;;;;;;"100";;;;;;;;;;"100";;;;;;;;;;"100";;"100";;;;
"Iran, Islamic Rep.";"IRN";;;;;;;;;;;;;;;;;;;;;;;;;;;;;;;"93.53774";;;;;;;;;;"97.9";;;;;;;;;;"98.4";;"100";;;;
"Iraq";"IRQ";;;;;;;;;;;;;;;;;;;;;;;;;;;;;;;"91.61566";;;;;;;;;;"94.45585";;;;;;;;;;"98";;"100";;;;
"Iceland";"ISL";;;;;;;;;;;;;;;;;;;;;;;;;;;;;;;"100";;;;;;;;;;"100";;;;;;;;;;"100";;"100";;;;
"Israel";"ISR";;;;;;;;;;;;;;;;;;;;;;;;;;;;;;;"96.36144";;;;;;;;;;"100";;;;;;;;;;"100";;"100";;;;
"Italy";"ITA";;;;;;;;;;;;;;;;;;;;;;;;;;;;;;;"100";;;;;;;;;;"100";;;;;;;;;;"100";;"100";;;;
"Jamaica";"JAM";;;;;;;;;;;;;;;;;;;;;;;;;;;;;;;"85";;;;;;;;;;"86";;;;;;;;;;"92";;"92.63344";;;;
"Jordan";"JOR";;;;;;;;;;;;;;;;;;;;;;;;;;;;;;;"94.83774";;;;;;;;;;"99.5";;;;;;;;;;"99.4";;"99.5";;;;
"Japan";"JPN";;;;;;;;;;;;;;;;;;;;;;;;;;;;;;;"100";;;;;;;;;;"100";;;;;;;;;;"100";;"100";;;;
"Kazakhstan";"KAZ";;;;;;;;;;;;;;;;;;;;;;;;;;;;;;;"94.15982";;;;;;;;;;"97";;;;;;;;;;"100";;"100";;;;
"Kenya";"KEN";;;;;;;;;;;;;;;;;;;;;;;;;;;;;;;"10.9";;;;;;;;;;"14.5";;;;;;;;;;"23";;"23";;;;
"Kyrgyz Republic";"KGZ";;;;;;;;;;;;;;;;;;;;;;;;;;;;;;;"97.15982";;;;;;;;;;"100";;;;;;;;;;"100";;"100";;;;
"Cambodia";"KHM";;;;;;;;;;;;;;;;;;;;;;;;;;;;;;;"19.23774";;;;;;;;;;"16.6";;;;;;;;;;"31.1";;"31.1";;;;
"Kiribati";"KIR";;;;;;;;;;;;;;;;;;;;;;;;;;;;;;;"48.85883";;;;;;;;;;"52.53027";;;;;;;;;;"55.8";;"59.32891";;;;
"St. Kitts and Nevis";"KNA";;;;;;;;;;;;;;;;;;;;;;;;;;;;;;;"81.13573";;;;;;;;;;"85.4112";;;;;;;;;;"87.87328";;"90.87544";;;;
"Korea, Rep.";"KOR";;;;;;;;;;;;;;;;;;;;;;;;;;;;;;;"94.23774";;;;;;;;;;"98";;;;;;;;;;"99.7";;"100";;;;
"Kosovo";"KSV";;;;;;;;;;;;;;;;;;;;;;;;;;;;;;;"100";;;;;;;;;;"100";;;;;;;;;;"100";;"100";;;;
"Kuwait";"KWT";;;;;;;;;;;;;;;;;;;;;;;;;;;;;;;"87.22775";;;;;;;;;;"90.89918";;;;;;;;;;"94.1";;"97.69783";;;;
"Latin America & Caribbean (excluding high income)";"LAC";;;;;;;;;;;;;;;;;;;;;;;;;;;;;;;"88.9021194438808";;;;;;;;;;"92.6340030553219";;;;;;;;;;"94.636286555057";;"96.3268829637184";;;;
"Lao PDR";"LAO";;;;;;;;;;;;;;;;;;;;;;;;;;;;;;;"51.53774";;;;;;;;;;"46.3";;;;;;;;;;"66";;"70";;;;
"Lebanon";"LBN";;;;;;;;;;;;;;;;;;;;;;;;;;;;;;;"92.83774";;;;;;;;;;"95";;;;;;;;;;"99.9";;"100";;;;
"Liberia";"LBR";;;;;;;;;;;;;;;;;;;;;;;;;;;;;;;"0.1";;;;;;;;;;"0.5558459";;;;;;;;;;"4.1";;"9.8";;;;
"Libya";"LBY";;;;;;;;;;;;;;;;;;;;;;;;;;;;;;;"96.95982";;;;;;;;;;"99.8";;;;;;;;;;"100";;"100";;;;
"St. Lucia";"LCA";;;;;;;;;;;;;;;;;;;;;;;;;;;;;;;"81.13573";;;;;;;;;;"85.4112";;;;;;;;;;"87.87328";;"90.87544";;;;
"Latin America & Caribbean";"LCN";;;;;;;;;;;;;;;;;;;;;;;;;;;;;;;"89.0635312407505";;;;;;;;;;"92.7832552400251";;;;;;;;;;"94.7457038540732";;"96.4068906012439";;;;
"Least developed countries: UN classification";"LDC";;;;;;;;;;;;;;;;;;;;;;;;;;;;;;;"19.878233335271";;;;;;;;;;"23.5792127785114";;;;;;;;;;"31.435198132867";;"34.3374657642783";;;;
"Low income";"LIC";;;;;;;;;;;;;;;;;;;;;;;;;;;;;;;"15.0337728378809";;;;;;;;;;"17.487235294301";;;;;;;;;;"22.6685144004033";;"25.4200352741029";;;;
"Liechtenstein";"LIE";;;;;;;;;;;;;;;;;;;;;;;;;;;;;;;"100";;;;;;;;;;"100";;;;;;;;;;"100";;"100";;;;
"Sri Lanka";"LKA";;;;;;;;;;;;;;;;;;;;;;;;;;;;;;;"78.28773";;;;;;;;;;"80.7";;;;;;;;;;"85.1";;"88.66256";;;;
"Lower middle income";"LMC";;;;;;;;;;;;;;;;;;;;;;;;;;;;;;;"55.0411323206831";;;;;;;;;;"64.7888762136735";;;;;;;;;;"74.8115297610785";;"78.0282878370954";;;;
"Low & middle income";"LMY";;;;;;;;;;;;;;;;;;;;;;;;;;;;;;;"70.2466067623449";;;;;;;;;;"75.0956700041868";;;;;;;;;;"79.8315617547928";;"81.6441324685752";;;;
"Lesotho";"LSO";;;;;;;;;;;;;;;;;;;;;;;;;;;;;;;"6.387741";;;;;;;;;;"5";;;;;;;;;;"17";;"20.56256";;;;
"Late-demographic dividend";"LTE";;;;;;;;;;;;;;;;;;;;;;;;;;;;;;;"92.4598090425529";;;;;;;;;;"95.7797132572277";;;;;;;;;;"98.2416548669568";;"98.8517335230557";;;;
"Lithuania";"LTU";;;;;;;;;;;;;;;;;;;;;;;;;;;;;;;"100";;;;;;;;;;"100";;;;;;;;;;"100";;"100";;;;
"Luxembourg";"LUX";;;;;;;;;;;;;;;;;;;;;;;;;;;;;;;"100";;;;;;;;;;"100";;;;;;;;;;"100";;"100";;;;
"Latvia";"LVA";;;;;;;;;;;;;;;;;;;;;;;;;;;;;;;"100";;;;;;;;;;"100";;;;;;;;;;"100";;"100";;;;
"Macao SAR, China";"MAC";;;;;;;;;;;;;;;;;;;;;;;;;;;;;;;"80.80292";;;;;;;;;;"84";;;;;;;;;;"87.54047";;"90.54264";;;;
"St. Martin (French part)";"MAF";;;;;;;;;;;;;;;;;;;;;;;;;;;;;;;"81.13573";;;;;;;;;;"85.4112";;;;;;;;;;"87.87328";;"90.87544";;;;
"Morocco";"MAR";;;;;;;;;;;;;;;;;;;;;;;;;;;;;;;"49.2";;;;;;;;;;"71.1";;;;;;;;;;"98.9";;"100";;;;
"Monaco";"MCO";;;;;;;;;;;;;;;;;;;;;;;;;;;;;;;"100";;;;;;;;;;"100";;;;;;;;;;"100";;"100";;;;
"Moldova";"MDA";;;;;;;;;;;;;;;;;;;;;;;;;;;;;;;"92.21566";;;;;;;;;;"95.05585";;;;;;;;;;"98.6";;"100";;;;
"Madagascar";"MDG";;;;;;;;;;;;;;;;;;;;;;;;;;;;;;;"9.2";;;;;;;;;;"11.39801";;;;;;;;;;"14.3";;"15.4";;;;
"Maldives";"MDV";;;;;;;;;;;;;;;;;;;;;;;;;;;;;;;"93.51566";;;;;;;;;;"96.35585";;;;;;;;;;"99.9";;"100";;;;
"Middle East & North Africa";"MEA";;;;;;;;;;;;;;;;;;;;;;;;;;;;;;;"85.9062044351578";;;;;;;;;;"90.4999937918372";;;;;;;;;;"94.6305227773229";;"96.2013119712851";;;;
"Mexico";"MEX";;;;;;;;;;;;;;;;;;;;;;;;;;;;;;;"96";;;;;;;;;;"98";;;;;;;;;;"99";;"99.1";;;;
"Marshall Islands";"MHL";;;;;;;;;;;;;;;;;;;;;;;;;;;;;;;"48.85883";;;;;;;;;;"52.53027";;;;;;;;;;"55.8";;"59.32891";;;;
"Middle income";"MIC";;;;;;;;;;;;;;;;;;;;;;;;;;;;;;;"74.7331326880303";;;;;;;;;;"80.381915952257";;;;;;;;;;"85.9393698794734";;"87.8447436239047";;;;
"Macedonia, FYR";"MKD";;;;;;;;;;;;;;;;;;;;;;;;;;;;;;;"92.61566";;;;;;;;;;"95.45585";;;;;;;;;;"99";;"100";;;;
"Mali";"MLI";;;;;;;;;;;;;;;;;;;;;;;;;;;;;;;"12.03774";;;;;;;;;;"16.7";;;;;;;;;;"16.6";;"25.6";;;;
"Malta";"MLT";;;;;;;;;;;;;;;;;;;;;;;;;;;;;;;"100";;;;;;;;;;"100";;;;;;;;;;"100";;"100";;;;
"Myanmar";"MMR";;;;;;;;;;;;;;;;;;;;;;;;;;;;;;;"43.28774";;;;;;;;;;"47";;;;;;;;;;"48.8";;"52.36256";;;;
"Middle East & North Africa (excluding high income)";"MNA";;;;;;;;;;;;;;;;;;;;;;;;;;;;;;;"85.5347705909291";;;;;;;;;;"90.2297207305781";;;;;;;;;;"94.5731366782061";;"95.8971400794669";;;;
"Montenegro";"MNE";;;;;;;;;;;;;;;;;;;;;;;;;;;;;;;"100";;;;;;;;;;"100";;;;;;;;;;"100";;"100";;;;
"Mongolia";"MNG";;;;;;;;;;;;;;;;;;;;;;;;;;;;;;;"79.81566";;;;;;;;;;"82.65585";;;;;;;;;;"86.2";;"89.76256";;;;
"Northern Mariana Islands";"MNP";;;;;;;;;;;;;;;;;;;;;;;;;;;;;;;;;;;;;;;;;;;;;;;;;;;;;;;;;
"Mozambique";"MOZ";;;;;;;;;;;;;;;;;;;;;;;;;;;;;;;"6.43774";;;;;;;;;;"7.1";;;;;;;;;;"15";;"20.2";;;;
"Mauritania";"MRT";;;;;;;;;;;;;;;;;;;;;;;;;;;;;;;"11.81566";;;;;;;;;;"14.65585";;;;;;;;;;"18.2";;"21.76256";;;;
"Mauritius";"MUS";;;;;;;;;;;;;;;;;;;;;;;;;;;;;;;"96.55982";;;;;;;;;;"99.4";;;;;;;;;;"100";;"100";;;;
"Malawi";"MWI";;;;;;;;;;;;;;;;;;;;;;;;;;;;;;;"3.2";;;;;;;;;;"4.8";;;;;;;;;;"8.7";;"9.8";;;;
"Malaysia";"MYS";;;;;;;;;;;;;;;;;;;;;;;;;;;;;;;"93.23774";;;;;;;;;;"96.4";;;;;;;;;;"99.3";;"100";;;;
"North America";"NAC";;;;;;;;;;;;;;;;;;;;;;;;;;;;;;;"100";;;;;;;;;;"100";;;;;;;;;;"100";;"100";;;;
"Namibia";"NAM";;;;;;;;;;;;;;;;;;;;;;;;;;;;;;;"26.4";;;;;;;;;;"36.5";;;;;;;;;;"43.7";;"47.26256";;;;
"New Caledonia";"NCL";;;;;;;;;;;;;;;;;;;;;;;;;;;;;;;"48.85883";;;;;;;;;;"52.53027";;;;;;;;;;"55.8";;"59.32891";;;;
"Niger";"NER";;;;;;;;;;;;;;;;;;;;;;;;;;;;;;;"6.2";;;;;;;;;;"6.7";;;;;;;;;;"9.3";;"14.4";;;;
"Nigeria";"NGA";;;;;;;;;;;;;;;;;;;;;;;;;;;;;;;"41.83774";;;;;;;;;;"44.9";;;;;;;;;;"48";;"55.6";;;;
"Nicaragua";"NIC";;;;;;;;;;;;;;;;;;;;;;;;;;;;;;;"71";;;;;;;;;;"72";;;;;;;;;;"73";;"77.9";;;;
"Netherlands";"NLD";;;;;;;;;;;;;;;;;;;;;;;;;;;;;;;"100";;;;;;;;;;"100";;;;;;;;;;"100";;"100";;;;
"Norway";"NOR";;;;;;;;;;;;;;;;;;;;;;;;;;;;;;;"100";;;;;;;;;;"100";;;;;;;;;;"100";;"100";;;;
"Nepal";"NPL";;;;;;;;;;;;;;;;;;;;;;;;;;;;;;;"69.91566";;;;;;;;;;"72.75585";;;;;;;;;;"76.3";;"76.3";;;;
"Nauru";"NRU";;;;;;;;;;;;;;;;;;;;;;;;;;;;;;;;;;;;;;;;;;;;;;;;;;;;;;;;;
"New Zealand";"NZL";;;;;;;;;;;;;;;;;;;;;;;;;;;;;;;"100";;;;;;;;;;"100";;;;;;;;;;"100";;"100";;;;
"OECD members";"OED";;;;;;;;;;;;;;;;;;;;;;;;;;;;;;;"99.3714373096508";;;;;;;;;;"99.7253532486954";;;;;;;;;;"99.8790111613697";;"99.9071420314211";;;;
"Oman";"OMN";;;;;;;;;;;;;;;;;;;;;;;;;;;;;;;"87.22775";;;;;;;;;;"90.89918";;;;;;;;;;"94.1";;"97.69783";;;;
"Other small states";"OSS";;;;;;;;;;;;;;;;;;;;;;;;;;;;;;;"57.1343353006052";;;;;;;;;;"58.8437019964715";;;;;;;;;;"63.8276682429064";;"67.8418988392972";;;;
"Pakistan";"PAK";;;;;;;;;;;;;;;;;;;;;;;;;;;;;;;"59.6";;;;;;;;;;"79.5";;;;;;;;;;"91.4";;"93.6";;;;
"Panama";"PAN";;;;;;;;;;;;;;;;;;;;;;;;;;;;;;;"81.13573";;;;;;;;;;"85.4112";;;;;;;;;;"87.87328";;"90.87544";;;;
"Peru";"PER";;;;;;;;;;;;;;;;;;;;;;;;;;;;;;;"69";;;;;;;;;;"72.8615";;;;;;;;;;"85";;"91.2";;;;
"Philippines";"PHL";;;;;;;;;;;;;;;;;;;;;;;;;;;;;;;"65.4";;;;;;;;;;"71.3";;;;;;;;;;"83.3";;"87.5";;;;
"Palau";"PLW";;;;;;;;;;;;;;;;;;;;;;;;;;;;;;;"48.85883";;;;;;;;;;"52.53027";;;;;;;;;;"55.8";;"59.32891";;;;
"Papua New Guinea";"PNG";;;;;;;;;;;;;;;;;;;;;;;;;;;;;;;"8.159818";;;;;;;;;;"11";;;;;;;;;;"14.5";;"18.10671";;;;
"Poland";"POL";;;;;;;;;;;;;;;;;;;;;;;;;;;;;;;"100";;;;;;;;;;"100";;;;;;;;;;"100";;"100";;;;
"Pre-demographic dividend";"PRE";;;;;;;;;;;;;;;;;;;;;;;;;;;;;;;"23.5142885292367";;;;;;;;;;"26.9549435241447";;;;;;;;;;"31.3961054843745";;"34.9084401298843";;;;
"Puerto Rico";"PRI";;;;;;;;;;;;;;;;;;;;;;;;;;;;;;;"81.13573";;;;;;;;;;"85.4112";;;;;;;;;;"87.87328";;"90.87544";;;;
"Korea, Dem. Peopleâ€™s Rep.";"PRK";;;;;;;;;;;;;;;;;;;;;;;;;;;;;;;"19.61566";;;;;;;;;;"22.45585";;;;;;;;;;"26";;"29.56256";;;;
"Portugal";"PRT";;;;;;;;;;;;;;;;;;;;;;;;;;;;;;;"100";;;;;;;;;;"100";;;;;;;;;;"100";;"100";;;;
"Paraguay";"PRY";;;;;;;;;;;;;;;;;;;;;;;;;;;;;;;"86";;;;;;;;;;"93.2499";;;;;;;;;;"97";;"98.2";;;;
"Pacific island small states";"PSS";;;;;;;;;;;;;;;;;;;;;;;;;;;;;;;"44.2040751006788";;;;;;;;;;"46.4844820792755";;;;;;;;;;"48.9435144789942";;"51.9441253993063";;;;
"Post-demographic dividend";"PST";;;;;;;;;;;;;;;;;;;;;;;;;;;;;;;"99.2720922354449";;;;;;;;;;"99.6773895143456";;;;;;;;;;"99.9662747949162";;"99.9920042145486";;;;
"French Polynesia";"PYF";;;;;;;;;;;;;;;;;;;;;;;;;;;;;;;"48.85883";;;;;;;;;;"52.53027";;;;;;;;;;"55.8";;"59.32891";;;;
"Qatar";"QAT";;;;;;;;;;;;;;;;;;;;;;;;;;;;;;;"87.22775";;;;;;;;;;"90.89918";;;;;;;;;;"94.1";;"97.69783";;;;
"Romania";"ROU";;;;;;;;;;;;;;;;;;;;;;;;;;;;;;;"100";;;;;;;;;;"100";;;;;;;;;;"100";;"100";;;;
"Russian Federation";"RUS";;;;;;;;;;;;;;;;;;;;;;;;;;;;;;;"100";;;;;;;;;;"100";;;;;;;;;;"100";;"100";;;;
"Rwanda";"RWA";;;;;;;;;;;;;;;;;;;;;;;;;;;;;;;"2.3";;;;;;;;;;"6.2";;;;;;;;;;"10.8";;"18";;;;
"South Asia";"SAS";;;;;;;;;;;;;;;;;;;;;;;;;;;;;;;"49.5562645245479";;;;;;;;;;"61.2287654716882";;;;;;;;;;"74.4358043988032";;"77.959604257684";;;;
"Saudi Arabia";"SAU";;;;;;;;;;;;;;;;;;;;;;;;;;;;;;;"87.22775";;;;;;;;;;"90.89918";;;;;;;;;;"94.1";;"97.69783";;;;
"Sudan";"SDN";;;;;;;;;;;;;;;;;;;;;;;;;;;;;;;"22.61566";;;;;;;;;;"25.45585";;;;;;;;;;"29";;"32.56256";;;;
"Senegal";"SEN";;;;;;;;;;;;;;;;;;;;;;;;;;;;;;;"26";;;;;;;;;;"36.8";;;;;;;;;;"56.5";;"56.5";;;;
"Singapore";"SGP";;;;;;;;;;;;;;;;;;;;;;;;;;;;;;;"100";;;;;;;;;;"100";;;;;;;;;;"100";;"100";;;;
"Solomon Islands";"SLB";;;;;;;;;;;;;;;;;;;;;;;;;;;;;;;"12.85982";;;;;;;;;;"15.7";;;;;;;;;;"19.2";;"22.80671";;;;
"Sierra Leone";"SLE";;;;;;;;;;;;;;;;;;;;;;;;;;;;;;;"5.715664";;;;;;;;;;"8.555846";;;;;;;;;;"12.1";;"14.2";;;;
"El Salvador";"SLV";;;;;;;;;;;;;;;;;;;;;;;;;;;;;;;"77";;;;;;;;;;"87";;;;;;;;;;"92";;"93.7";;;;
"San Marino";"SMR";;;;;;;;;;;;;;;;;;;;;;;;;;;;;;;"100";;;;;;;;;;"100";;;;;;;;;;"100";;"100";;;;
"Somalia";"SOM";;;;;;;;;;;;;;;;;;;;;;;;;;;;;;;"22.23787";;;;;;;;;;"25.9093";;;;;;;;;;"29.1";;"32.70795";;;;
"Serbia";"SRB";;;;;;;;;;;;;;;;;;;;;;;;;;;;;;;"100";;;;;;;;;;"100";;;;;;;;;;"100";;"100";;;;
"Sub-Saharan Africa (excluding high income)";"SSA";;;;;;;;;;;;;;;;;;;;;;;;;;;;;;;"22.7614134433191";;;;;;;;;;"26.0556209842251";;;;;;;;;;"31.764990528867";;"35.3007098139606";;;;
"South Sudan";"SSD";;;;;;;;;;;;;;;;;;;;;;;;;;;;;;;"0";;;;;;;;;;"0";;;;;;;;;;"1.5";;"5.062558";;;;
"Sub-Saharan Africa";"SSF";;;;;;;;;;;;;;;;;;;;;;;;;;;;;;;"22.771570198244";;;;;;;;;;"26.0645323630819";;;;;;;;;;"31.7720008239166";;"35.3069005381226";;;;
"Small states";"SST";;;;;;;;;;;;;;;;;;;;;;;;;;;;;;;"62.9038924738587";;;;;;;;;;"64.4318611611328";;;;;;;;;;"68.4809149469957";;"71.7476138623607";;;;
"Sao Tome and Principe";"STP";;;;;;;;;;;;;;;;;;;;;;;;;;;;;;;"50.28774";;;;;;;;;;"52.9";;;;;;;;;;"56.9";;"60.46256";;;;
"Suriname";"SUR";;;;;;;;;;;;;;;;;;;;;;;;;;;;;;;"95.48508";;;;;;;;;;"99.6241";;;;;;;;;;"100";;"100";;;;
"Slovak Republic";"SVK";;;;;;;;;;;;;;;;;;;;;;;;;;;;;;;"100";;;;;;;;;;"100";;;;;;;;;;"100";;"100";;;;
"Slovenia";"SVN";;;;;;;;;;;;;;;;;;;;;;;;;;;;;;;"100";;;;;;;;;;"100";;;;;;;;;;"100";;"100";;;;
"Sweden";"SWE";;;;;;;;;;;;;;;;;;;;;;;;;;;;;;;"100";;;;;;;;;;"100";;;;;;;;;;"100";;"100";;;;
"Swaziland";"SWZ";;;;;;;;;;;;;;;;;;;;;;;;;;;;;;;"28.81566";;;;;;;;;;"31.65585";;;;;;;;;;"35.2";;"42";;;;
"Sint Maarten (Dutch part)";"SXM";;;;;;;;;;;;;;;;;;;;;;;;;;;;;;;;;;;;;;;;;;;;;;;;;;;;;;;;;
"Seychelles";"SYC";;;;;;;;;;;;;;;;;;;;;;;;;;;;;;;"96.55982";;;;;;;;;;"99.4";;;;;;;;;;"100";;"100";;;;
"Syrian Arab Republic";"SYR";;;;;;;;;;;;;;;;;;;;;;;;;;;;;;;"85.03773";;;;;;;;;;"86.6";;;;;;;;;;"92.7";;"96.26256";;;;
"Turks and Caicos Islands";"TCA";;;;;;;;;;;;;;;;;;;;;;;;;;;;;;;"81.13573";;;;;;;;;;"85.4112";;;;;;;;;;"87.87328";;"90.87544";;;;
"Chad";"TCD";;;;;;;;;;;;;;;;;;;;;;;;;;;;;;;"0.1";;;;;;;;;;"2.3";;;;;;;;;;"3.5";;"6.4";;;;
"East Asia & Pacific (IDA & IBRD countries)";"TEA";;;;;;;;;;;;;;;;;;;;;;;;;;;;;;;"86.9680707232239";;;;;;;;;;"92.2287407178665";;;;;;;;;;"95.6703199496435";;"96.547625421239";;;;
"Europe & Central Asia (IDA & IBRD countries)";"TEC";;;;;;;;;;;;;;;;;;;;;;;;;;;;;;;"98.3408513924702";;;;;;;;;;"99.2738313376416";;;;;;;;;;"99.9490607129627";;"100";;;;
"Togo";"TGO";;;;;;;;;;;;;;;;;;;;;;;;;;;;;;;"10";;;;;;;;;;"16.97";;;;;;;;;;"27.9";;"31.46256";;;;
"Thailand";"THA";;;;;;;;;;;;;;;;;;;;;;;;;;;;;;;"80";;;;;;;;;;"82.5";;;;;;;;;;"99.7";;"100";;;;
"Tajikistan";"TJK";;;;;;;;;;;;;;;;;;;;;;;;;;;;;;;"94.88774";;;;;;;;;;"99";;;;;;;;;;"100";;"100";;;;
"Turkmenistan";"TKM";;;;;;;;;;;;;;;;;;;;;;;;;;;;;;;"95.18774";;;;;;;;;;"99.6";;;;;;;;;;"100";;"100";;;;
"Latin America & the Caribbean (IDA & IBRD countries)";"TLA";;;;;;;;;;;;;;;;;;;;;;;;;;;;;;;"89.0453735074089";;;;;;;;;;"92.7544866855143";;;;;;;;;;"94.6932350551006";;"96.3770932560886";;;;
"Middle East & North Africa (IDA & IBRD countries)";"TMN";;;;;;;;;;;;;;;;;;;;;;;;;;;;;;;"85.5198539116128";;;;;;;;;;"90.222624039331";;;;;;;;;;"94.5786321828662";;"95.8757003720741";;;;
"Timor-Leste";"TLS";;;;;;;;;;;;;;;;;;;;;;;;;;;;;;;"31.61566";;;;;;;;;;"34.45584";;;;;;;;;;"38";;"41.56256";;;;
"Tonga";"TON";;;;;;;;;;;;;;;;;;;;;;;;;;;;;;;"80";;;;;;;;;;"85.79802";;;;;;;;;;"92.3";;"95.86256";;;;
"South Asia (IDA & IBRD)";"TSA";;;;;;;;;;;;;;;;;;;;;;;;;;;;;;;"49.5562645245479";;;;;;;;;;"61.2287654716882";;;;;;;;;;"74.4358043988032";;"77.959604257684";;;;
"Sub-Saharan Africa (IDA & IBRD countries)";"TSS";;;;;;;;;;;;;;;;;;;;;;;;;;;;;;;"22.771570198244";;;;;;;;;;"26.0645323630819";;;;;;;;;;"31.7720008239166";;"35.3069005381226";;;;
"Trinidad and Tobago";"TTO";;;;;;;;;;;;;;;;;;;;;;;;;;;;;;;"90.72205";;;;;;;;;;"94.86102";;;;;;;;;;"99";;"99.8278";;;;
"Tunisia";"TUN";;;;;;;;;;;;;;;;;;;;;;;;;;;;;;;"92.63774";;;;;;;;;;"95";;;;;;;;;;"99.5";;"100";;;;
"Turkey";"TUR";;;;;;;;;;;;;;;;;;;;;;;;;;;;;;;"100";;;;;;;;;;"100";;;;;;;;;;"100";;"100";;;;
"Tuvalu";"TUV";;;;;;;;;;;;;;;;;;;;;;;;;;;;;;;"34.61567";;;;;;;;;;"37.45584";;;;;;;;;;"41";;"44.56256";;;;
"Tanzania";"TZA";;;;;;;;;;;;;;;;;;;;;;;;;;;;;;;"6.8";;;;;;;;;;"8.8";;;;;;;;;;"14.8";;"15.3";;;;
"Uganda";"UGA";;;;;;;;;;;;;;;;;;;;;;;;;;;;;;;"6.8";;;;;;;;;;"8.6";;;;;;;;;;"14.6";;"18.16256";;;;
"Ukraine";"UKR";;;;;;;;;;;;;;;;;;;;;;;;;;;;;;;"93.41566";;;;;;;;;;"96.25585";;;;;;;;;;"99.8";;"100";;;;
"Upper middle income";"UMC";;;;;;;;;;;;;;;;;;;;;;;;;;;;;;;"93.0088462494467";;;;;;;;;;"96.0295467422624";;;;;;;;;;"98.0746540218072";;"98.7045918631221";;;;
"Uruguay";"URY";;;;;;;;;;;;;;;;;;;;;;;;;;;;;;;"96";;;;;;;;;;"97";;;;;;;;;;"99";;"99.5";;;;
"United States";"USA";;;;;;;;;;;;;;;;;;;;;;;;;;;;;;;"100";;;;;;;;;;"100";;;;;;;;;;"100";;"100";;;;
"Uzbekistan";"UZB";;;;;;;;;;;;;;;;;;;;;;;;;;;;;;;"96.85982";;;;;;;;;;"99.7";;;;;;;;;;"100";;"100";;;;
"St. Vincent and the Grenadines";"VCT";;;;;;;;;;;;;;;;;;;;;;;;;;;;;;;"66.8";;;;;;;;;;"70.93898";;;;;;;;;;"75.07795";;"75.90575";;;;
"Venezuela, RB";"VEN";;;;;;;;;;;;;;;;;;;;;;;;;;;;;;;"98";;;;;;;;;;"99";;;;;;;;;;"100";;"100";;;;
"British Virgin Islands";"VGB";;;;;;;;;;;;;;;;;;;;;;;;;;;;;;;;;;;;;;;;;;;;;;;;;;;;;;;;;
"Virgin Islands (U.S.)";"VIR";;;;;;;;;;;;;;;;;;;;;;;;;;;;;;;"81.13573";;;;;;;;;;"85.4112";;;;;;;;;;"87.87328";;"90.87544";;;;
"Vietnam";"VNM";;;;;;;;;;;;;;;;;;;;;;;;;;;;;;;"87.93774";;;;;;;;;;"89.1";;;;;;;;;;"96";;"99";;;;
"Vanuatu";"VUT";;;;;;;;;;;;;;;;;;;;;;;;;;;;;;;"18";;;;;;;;;;"19.1";;;;;;;;;;"23.5";;"27.07681";;;;
"West Bank and Gaza";"PSE";;;;;;;;;;;;;;;;;;;;;;;;;;;;;;;"87.22775";;;;;;;;;;"90.89918";;;;;;;;;;"94.1";;"97.69783";;;;
"World";"WLD";;;;;;;;;;;;;;;;;;;;;;;;;;;;;;;"75.6491852684833";;;;;;;;;;"79.3131738370637";;;;;;;;;;"83.0786454092858";;"84.58465175114";;;;
"Samoa";"WSM";;;;;;;;;;;;;;;;;;;;;;;;;;;;;;;"80";;;;;;;;;;"89.44801";;;;;;;;;;"99.6";;"100";;;;
"Yemen, Rep.";"YEM";;;;;;;;;;;;;;;;;;;;;;;;;;;;;;;"38.45982";;;;;;;;;;"41.3";;;;;;;;;;"44.8";;"48.40671";;;;
"South Africa";"ZAF";;;;;;;;;;;;;;;;;;;;;;;;;;;;;;;"65";;;;;;;;;;"66.1";;;;;;;;;;"82.7";;"85.4";;;;
"Congo, Dem. Rep.";"COD";;;;;;;;;;;;;;;;;;;;;;;;;;;;;;;"6.33774";;;;;;;;;;"6.7";;;;;;;;;;"15.2";;"16.4";;;;
"Zambia";"ZMB";;;;;;;;;;;;;;;;;;;;;;;;;;;;;;;"13.33774";;;;;;;;;;"17.4";;;;;;;;;;"18.5";;"22.06256";;;;
"Zimbabwe";"ZWE";;;;;;;;;;;;;;;;;;;;;;;;;;;;;;;"28.1";;;;;;;;;;"34.2";;;;;;;;;;"36.9";;"40.46256";;;;
